{
  "阿克苏地区市" : [ 80.260604, 41.168779],
  "和田地区市" : [ 79.922211, 37.114157],
  "上海市" : [ 121.480237, 31.236305],
  "东莞市" : [ 113.758231, 23.026997],
  "东营市" : [ 118.588614, 37.454925],
  "中山市" : [ 113.399023, 22.522262],
  "临汾市" : [ 111.526153, 36.094052],
  "临沂市" : [ 118.36299, 35.110531],
  "丹东市" : [ 124.362564, 40.00569],
  "丽水市" : [ 119.929503, 28.472979],
  "乌鲁木齐市" : [ 87.623314, 43.832806],
  "佛山市" : [ 113.128432, 23.027707],
  "保定市" : [ 115.471052, 38.880055],
  "兰州市" : [ 103.840692, 36.067312],
  "包头市" : [ 109.846755, 40.663636],
  "北京市" : [ 116.413554, 39.911013],
  "北海市" : [ 109.126614, 21.486955],
  "南京市" : [ 118.802891, 32.064735],
  "南宁市" : [ 108.373351, 22.823037],
  "南昌市" : [ 115.864528, 28.687675],
  "南通市" : [ 120.900301, 31.985237],
  "厦门市" : [ 118.095915, 24.485821],
  "台州市" : [ 121.426996, 28.662297],
  "合肥市" : [ 117.235447, 31.82687],
  "呼和浩特市" : [ 111.758518, 40.847461],
  "咸阳市" : [ 108.715712, 34.335599],
  "哈尔滨市" : [ 126.542417, 45.807782],
  "唐山市" : [ 118.187036, 39.636673],
  "嘉兴市" : [ 120.762045, 30.750912],
  "大同市" : [ 113.306446, 40.082539],
  "大连市" : [ 121.621391, 38.919345],
  "天津市" : [ 117.205914, 39.090908],
  "太原市" : [ 112.55706, 37.876885],
  "威海市" : [ 122.128245, 37.519322],
  "宁波市" : [ 121.556686, 29.880177],
  "宝鸡市" : [ 107.243899, 34.367747],
  "宿迁市" : [ 118.282062, 33.967686],
  "常州市" : [ 119.980142, 31.816791],
  "广州市" : [ 113.270793, 23.135308],
  "廊坊市" : [ 116.69034, 39.54352],
  "延安市" : [ 109.496361, 36.591003],
  "张家口市" : [ 114.894165, 40.830172],
  "徐州市" : [ 117.29235, 34.210143],
  "德州市" : [ 116.365825, 37.441313],
  "惠州市" : [ 114.423348, 23.116409],
  "成都市" : [ 104.071216, 30.576279],
  "扬州市" : [ 119.419107, 32.39986],
  "承德市" : [ 117.969798, 40.957855],
  "拉萨市" : [ 91.121025, 29.650088],
  "无锡市" : [ 120.318954, 31.496704],
  "日照市" : [ 119.533606, 35.422798],
  "昆明市" : [ 102.839667, 24.885953],
  "杭州市" : [ 120.161693, 30.280059],
  "枣庄市" : [ 117.328513, 34.816569],
  "柳州市" : [ 109.42198, 24.331519],
  "株洲市" : [ 113.140431, 27.833737],
  "武汉市" : [ 114.311831, 30.598428],
  "汕头市" : [ 116.688739, 23.359289],
  "江门市" : [ 113.088165, 22.584459],
  "沈阳市" : [ 123.438973, 41.811339],
  "沧州市" : [ 116.845272, 38.31022],
  "河源市" : [ 114.707097, 23.749829],
  "泉州市" : [ 118.682316, 24.880242],
  "泰安市" : [ 117.094893, 36.205905],
  "泰州市" : [ 119.932115, 32.4612],
  "济南市" : [ 117.001319, 36.671627],
  "济宁市" : [ 116.593852, 35.420269],
  "海口市" : [ 110.206424, 20.050057],
  "淄博市" : [ 118.061254, 36.819182],
  "淮安市" : [ 119.022429, 33.616272],
  "深圳市" : [ 114.066112, 22.548515],
  "清远市" : [ 113.062619, 23.688238],
  "温州市" : [ 120.705869, 28.001095],
  "渭南市" : [ 109.516739, 34.505687],
  "湖州市" : [ 120.094566, 30.899015],
  "湘潭市" : [ 112.950575, 27.83585],
  "滨州市" : [ 117.9792, 37.388387],
  "潍坊市" : [ 119.168138, 36.713212],
  "烟台市" : [ 121.454425, 37.469868],
  "玉溪市" : [ 102.5537, 24.357512],
  "珠海市" : [ 113.583235, 22.276392],
  "盐城市" : [ 120.168187, 33.355301],
  "盘锦市" : [ 122.077269, 41.125939],
  "石家庄市" : [ 114.520828, 38.048684],
  "福州市" : [ 119.302938, 26.080447],
  "秦皇岛市" : [ 119.606184, 39.941259],
  "绍兴市" : [ 120.586673, 30.036519],
  "聊城市" : [ 115.992077, 36.462681],
  "肇庆市" : [ 112.47177, 23.052984],
  "舟山市" : [ 122.214339, 29.991092],
  "苏州市" : [ 120.589613, 31.304566],
  "莱芜市" : [ 117.683221, 36.219357],
  "菏泽市" : [ 115.487696, 35.239435],
  "营口市" : [ 122.241475, 40.672565],
  "葫芦岛市" : [ 120.843388, 40.717364],
  "衡水市" : [ 115.676942, 37.745166],
  "衢州市" : [ 118.880768, 28.941661],
  "西宁市" : [ 101.784269, 36.623477],
  "西安市" : [ 108.946306, 34.347436],
  "贵阳市" : [ 106.636816, 26.652747],
  "连云港市" : [ 119.229571, 34.602342],
  "邢台市" : [ 114.510889, 37.076646],
  "邯郸市" : [ 114.545808, 36.631222],
  "郑州市" : [ 113.631349, 34.753488],
  "鄂尔多斯市" : [ 109.787314, 39.61463],
  "重庆市" : [ 106.557165, 29.570997],
  "金华市" : [ 119.654027, 29.084455],
  "铜川市" : [ 108.951558, 34.902957],
  "银川市" : [ 106.238976, 38.492392],
  "镇江市" : [ 119.431494, 32.195688],
  "长春市" : [ 125.33017, 43.82178],
  "长沙市" : [ 112.945333, 28.233971],
  "长治市" : [ 113.123046, 36.201585],
  "阳泉市" : [ 113.587087, 37.86234],
  "青岛市" : [ 120.389445, 36.072358],
  "韶关市" : [ 113.603757, 24.816174],
  "九江市" : [ 116.007993, 29.711328],
  "大庆市" : [ 125.109727, 46.593216],
  "宁德市" : [ 119.554701, 26.671748],
  "忻州市" : [ 112.740804, 38.422382],
  "石嘴山市" : [ 106.39078, 38.989783],
  "池州市" : [ 117.497839, 30.67098],
  "淮南市" : [ 117.006189, 32.631837],
  "吐鲁番地区市" : [ 89.196029, 42.957303],
  "宜昌市" : [ 111.292971, 30.697602],
  "景德镇市" : [ 117.184967, 29.274337],
  "安庆市" : [ 117.070127, 30.548594],
  "怒江傈僳族自治州市" : [ 98.863189, 25.823736],
  "白城市" : [ 122.845302, 45.6254],
  "萍乡市" : [ 113.86077, 27.62897],
  "抚州市" : [ 116.364627, 27.953603],
  "朝阳市" : [ 120.457301, 41.579487],
  "海东市" : [ 102.003965, 36.406412],
  "湘西土家族苗族自治州市" : [ 109.745507, 28.317399],
  "鹰潭市" : [ 117.075765, 28.265879],
  "阿拉善盟市" : [ 105.735357, 38.857806],
  "大阪府市" : [ 0, 0],
  "鹤岗市" : [ 130.304284, 47.356043],
  "吴忠市" : [ 106.205161, 38.003863],
  "石河子市" : [ 86.085507, 44.312423],
  "开封市" : [ 114.313904, 34.802941],
  "延边朝鲜族自治州市" : [ 129.515602, 42.897211],
  "白银市" : [ 104.144182, 36.550821],
  "吕梁市" : [ 111.148086, 37.525476],
  "随州市" : [ 113.389071, 31.696341],
  "雅安市" : [ 103.04636, 30.021277],
  "平顶山市" : [ 113.198935, 33.772051],
  "阜新市" : [ 121.676518, 42.027983],
  "普洱市" : [ 100.98114, 22.788486],
  "三亚市" : [ 109.518646, 18.258217],
  "赣州市" : [ 114.94126, 25.837179],
  "广元市" : [ 105.849993, 32.441808],
  "锦州市" : [ 121.133631, 41.100869],
  "南充市" : [ 106.117231, 30.843297],
  "衡阳市" : [ 112.578397, 26.899517],
  "齐齐哈尔市" : [ 123.924531, 47.360087],
  "兴安盟市" : [ 122.044544, 46.088444],
  "乌海市" : [ 106.80185, 39.660154],
  "楚雄彝族自治州市" : [ 101.534082, 25.051226],
  "伊春市" : [ 128.84704, 47.733329],
  "陇南市" : [ 104.928233, 33.406825],
  "荆门市" : [ 112.205843, 31.041792],
  "辽源市" : [ 125.150107, 42.8943],
  "怀化市" : [ 110.008116, 27.575595],
  "牡丹江市" : [ 129.638976, 44.558647],
  "黄南藏族自治州市" : [ 102.021495, 35.526125],
  "湛江市" : [ 110.365494, 21.277163],
  "天水市" : [ 105.731276, 34.587162],
  "黔东南苗族侗族自治州市" : [ 107.990602, 26.589858],
  "云浮市" : [ 112.051045, 22.921154],
  "安康市" : [ 109.03592, 32.690575],
  "日喀则地区市" : [ 88.956063, 29.26816],
  "海北藏族自治州市" : [ 100.907395, 36.960702],
  "海西蒙古族藏族自治州市" : [ 97.377823, 37.382839],
  "吉安市" : [ 115.00027, 27.119751],
  "黄石市" : [ 115.045433, 30.205336],
  "宿州市" : [ 116.970454, 33.652034],
  "茂名市" : [ 110.931773, 21.669051],
  "阳江市" : [ 111.989051, 21.864421],
  "信阳市" : [ 114.099264, 32.153186],
  "三门峡市" : [ 111.206832, 34.778442],
  "咸宁市" : [ 114.328967, 29.847123],
  "许昌市" : [ 113.858804, 34.041737],
  "保山市" : [ 99.168373, 25.117882],
  "鹤壁市" : [ 114.304044, 35.752656],
  "运城市" : [ 111.013379, 35.032587],
  "达州市" : [ 107.474504, 31.214347],
  "常德市" : [ 111.704994, 29.037723],
  "酒泉市" : [ 98.500427, 39.738615],
  "马鞍山市" : [ 118.512691, 31.67633],
  "南阳市" : [ 112.535009, 32.996701],
  "邵阳市" : [ 111.474133, 27.245167],
  "黔南布依族苗族自治州市" : [ 107.528663, 26.260586],
  "孝感市" : [ 113.922962, 30.930712],
  "安顺市" : [ 105.952622, 26.259904],
  "辽阳市" : [ 123.243726, 41.274452],
  "黔西南布依族苗族自治州市" : [ 104.910858, 25.095974],
  "克拉玛依市" : [ 84.89587, 45.585765],
  "庆阳市" : [ 107.649305, 35.716096],
  "呼伦贝尔市" : [ 119.77221, 49.217977],
  "六盘水市" : [ 104.836786, 26.599086],
  "新余市" : [ 114.923664, 27.823541],
  "七台河市" : [ 131.009618, 45.776512],
  "商丘市" : [ 115.662798, 34.420378],
  "漯河市" : [ 114.02323, 33.587703],
  "乌兰察布市" : [ 113.140223, 40.999972],
  "潜江市" : [ 112.905773, 30.407633],
  "定西市" : [ 104.631662, 35.587354],
  "鸡西市" : [ 130.976161, 45.300906],
  "汕尾市" : [ 115.381693, 22.791322],
  "四平市" : [ 124.356844, 43.172447],
  "西双版纳傣族自治州市" : [ 100.803836, 22.013792],
  "遂宁市" : [ 105.599152, 30.539156],
  "商洛市" : [ 109.94688, 33.876525],
  "海南藏族自治州市" : [ 100.626831, 36.292132],
  "文山壮族苗族自治州市" : [ 104.221606, 23.404187],
  "六安市" : [ 116.529651, 31.741226],
  "张家界市" : [ 110.484925, 29.122477],
  "潮州市" : [ 116.62943, 23.662923],
  "蚌埠市" : [ 117.395835, 32.921498],